W_key,epoch_w,epoch_f,error,time,window_size_0,window_size_1
1,0,1,0.9430198088530191,0.5159859657287598,5,5
1,0,2,0.8794087900722621,1.0010254383087158,5,5
1,0,3,0.8202385515516838,1.4175114631652832,5,5
1,0,4,0.7718462091249801,1.8627123832702637,5,5
1,0,5,0.6416007984689942,2.3068511486053467,5,5
1,0,6,0.6388131044963725,2.7670416831970215,5,5
1,0,7,0.6030574331902594,3.2101340293884277,5,5
1,0,8,0.5997164993613227,3.6848556995391846,5,5
1,0,9,0.5984529916225663,4.080088376998901,5,5
1,0,10,0.5965228129991652,4.505758285522461,5,5
1,0,11,0.5916965989181967,4.932228326797485,5,5
1,0,12,0.5694460613808238,5.359511852264404,5,5
1,0,13,0.5675546390930833,5.788151502609253,5,5
1,0,14,0.5669213778395059,6.2311224937438965,5,5
1,0,15,0.5645909938464404,6.6448493003845215,5,5
1,0,16,0.5652212415378297,8.124706029891968,5,5
1,0,17,0.5678184348721087,9.537692546844482,5,5
1,0,18,0.5670978869761322,11.062898874282837,5,5
1,0,19,0.5648548872128946,12.824113368988037,5,5
1,0,20,0.5631684536729544,14.48991084098816,5,5
1,0,21,0.5618488752429407,15.857213735580444,5,5
1,0,22,0.5597942286387804,17.477736949920654,5,5
1,0,23,0.5603879665172153,19.441376209259033,5,5
1,0,24,0.5615688499740077,21.248075246810913,5,5
1,0,25,0.5628916160331581,23.08632254600525,5,5
1,0,26,0.5622361261411167,24.583062410354614,5,5
1,0,27,0.560917084516444,26.162409782409668,5,5
1,0,28,0.5597269684941321,27.903853178024292,5,5
1,0,29,0.5591290608460081,29.556133270263672,5,5
1,0,30,0.5604412310524369,31.20651865005493,5,5
1,0,31,0.5611103274958263,32.70261192321777,5,5
1,0,32,0.5626594470678689,34.03421354293823,5,5
1,0,33,0.5630026824729158,35.47456669807434,5,5
1,0,34,0.5616791573858413,36.93955206871033,5,5
1,0,35,0.5622857188164372,38.2747688293457,5,5
1,0,36,0.5636132411747112,39.95258450508118,5,5
1,0,37,0.5632598982137341,41.49802231788635,5,5
1,0,38,0.5619351736615912,42.58679556846619,5,5
1,0,39,0.5637466343225649,44.03017783164978,5,5
1,0,40,0.5631363666784852,45.588242053985596,5,5
1,0,41,0.5618975583692309,47.32787847518921,5,5
1,0,42,0.5630361602226766,48.98473525047302,5,5
1,0,43,0.5623840989629227,50.58267140388489,5,5
1,0,44,0.5603091287938332,52.09888219833374,5,5
1,0,45,0.561624163702245,53.43156552314758,5,5
1,0,46,0.5636903741515252,54.74744725227356,5,5
1,0,47,0.5623716923625837,56.10448169708252,5,5
1,0,48,0.5611822071299313,57.55688714981079,5,5
1,0,49,0.5627289485524121,59.053244829177856,5,5
1,0,50,0.5633253965509739,60.56910586357117,5,5
2,1,1,0.680951539444954,62.25053000450134,4,5
2,1,2,0.6428300878540076,63.70765018463135,4,5
2,1,3,0.635578370627392,64.98815155029297,4,5
2,1,4,0.6290113617961537,66.40669131278992,4,5
2,1,5,0.6264392908850729,67.75368642807007,4,5
2,1,6,0.6243897313757756,69.12807989120483,4,5
2,1,7,0.6255804871395713,70.36309838294983,4,5
2,1,8,0.6285442315368556,71.73507118225098,4,5
2,1,9,0.6332261041702522,73.17964601516724,4,5
2,1,10,0.63179762961126,74.47351479530334,4,5
2,1,11,0.6302637130119144,75.61226844787598,4,5
2,1,12,0.639486064023768,76.67594337463379,4,5
2,1,13,0.638250471020625,77.82332110404968,4,5
2,1,14,0.6393044574894124,78.80398440361023,4,5
2,1,15,0.6309368811750904,80.22405529022217,4,5
2,1,16,0.6414758818639053,81.46294021606445,4,5
2,1,17,0.6313050081145483,82.69429850578308,4,5
2,1,18,0.6319101546136355,83.98833990097046,4,5
2,1,19,0.632788663558878,85.42904567718506,4,5
2,1,20,0.6335931422874452,86.93392205238342,4,5
2,1,21,0.6366632203494144,88.35502767562866,4,5
2,1,22,0.6341357774935144,89.77482628822327,4,5
2,1,23,0.6334264371532223,91.05282950401306,4,5
2,1,24,0.6397781657362965,92.1436460018158,4,5
2,1,25,0.6383581063106843,93.75270128250122,4,5
2,1,26,0.639855302373297,94.86740946769714,4,5
2,1,27,0.6413623820107737,95.91721248626709,4,5
3,1,1,0.7845218830675457,97.49039578437805,4,5
3,1,2,0.7489371768592181,98.90046072006226,4,5
3,1,3,0.7368945054708178,100.37213325500488,4,5
3,1,4,0.6327380760465439,101.84125208854675,4,5
3,1,5,0.6185118864296081,103.24428272247314,4,5
3,1,6,0.5935292170789173,104.51169347763062,4,5
3,1,7,0.5877336971652135,105.78391122817993,4,5
3,1,8,0.5907775143213997,106.98009276390076,4,5
3,1,9,0.5982743980125551,108.36718034744263,4,5
3,1,10,0.5983063221467126,109.65145945549011,4,5
3,1,11,0.5993562610709058,110.94664788246155,4,5
3,1,12,0.6065716384925871,112.22446537017822,4,5
3,1,13,0.603390376724808,113.51978635787964,4,5
3,1,14,0.6110159194158431,114.78365421295166,4,5
3,1,15,0.6156710231414051,115.97755408287048,4,5
3,1,16,0.6081009266480439,117.29833912849426,4,5
3,1,17,0.6195186662125552,118.68837523460388,4,5
3,1,18,0.6080659276169266,119.95155000686646,4,5
3,1,19,0.6236761866645185,121.0997486114502,4,5
3,1,20,0.613344745903609,122.45811128616333,4,5
3,1,21,0.6162868779525577,123.63290810585022,4,5
3,1,22,0.6241877537577697,124.89818716049194,4,5
3,1,23,0.6362380735516913,126.13508725166321,4,5
3,1,24,0.6472464425664928,127.33232808113098,4,5
3,1,25,0.6410236156994678,128.84017062187195,4,5
3,1,26,0.6425846638313628,130.22149658203125,4,5
3,1,27,0.6328682507671692,131.40054893493652,4,5
3,1,28,0.6450079442892449,132.58681964874268,4,5
4,1,1,0.8277763589158396,134.14891171455383,4,5
4,1,2,0.7785379967149612,135.60683131217957,4,5
4,1,3,0.7575204897077135,137.13690280914307,4,5
4,1,4,0.7515828975956245,138.79593968391418,4,5
4,1,5,0.7367162353942018,140.40955257415771,4,5
4,1,6,0.7159589104268471,141.8558361530304,4,5
4,1,7,0.6176755183440401,143.19484543800354,4,5
4,1,8,0.6130052619568682,144.62969613075256,4,5
4,1,9,0.6138275063650697,146.15898323059082,4,5
4,1,10,0.6191584200632563,147.26196551322937,4,5
4,1,11,0.6230381993250377,147.60764002799988,4,5
4,1,12,0.6292156912681763,148.95893239974976,4,5
4,1,13,0.624156471831066,150.3067979812622,4,5
4,1,14,0.6307185104005532,151.67180252075195,4,5
4,1,15,0.624493823913771,153.00100421905518,4,5
4,1,16,0.6207471700164758,154.65222597122192,4,5
4,1,17,0.63235289521433,155.93072962760925,4,5
4,1,18,0.636090203102194,157.1650779247284,4,5
4,1,19,0.6403566838890713,158.44626545906067,4,5
4,1,20,0.6512099320600536,158.9011425971985,4,5
4,1,21,0.6458848327532836,159.21065497398376,4,5
4,1,22,0.6420245719767046,159.601478099823,4,5
4,1,23,0.6391042534858594,160.11620140075684,4,5
4,1,24,0.6560305839787841,160.53667950630188,4,5
4,1,25,0.660189182055017,161.08641934394836,4,5
4,1,26,0.6352361337310756,161.6772825717926,4,5
4,1,27,0.6349894187630067,162.6505081653595,4,5
4,1,28,0.6255632032143085,163.46631121635437,4,5
4,1,29,0.6303168977691301,164.02646589279175,4,5
5,1,1,0.7885345077662282,165.675311088562,4,5
5,1,2,0.7034219298295891,167.18417382240295,4,5
5,1,3,0.6695354618807785,168.69437527656555,4,5
5,1,4,0.6462165297499991,170.30053520202637,4,5
5,1,5,0.6217395621850915,171.68638515472412,4,5
5,1,6,0.6004463936238793,173.02371621131897,4,5
5,1,7,0.5956831314930755,174.32971286773682,4,5
5,1,8,0.5925191231286869,175.76059246063232,4,5
5,1,9,0.5941674555934873,177.19184470176697,4,5
5,1,10,0.5999903606761359,178.60882902145386,4,5
5,1,11,0.6169313063974473,180.0717806816101,4,5
5,1,12,0.6156764690121558,181.47039270401,4,5
5,1,13,0.6318977613556006,182.67131447792053,4,5
5,1,14,0.6208126166079169,183.97413420677185,4,5
5,1,15,0.6209186906594887,185.29477310180664,4,5
5,1,16,0.6232017209862944,186.70983695983887,4,5
5,1,17,0.6066003026085213,188.35971236228943,4,5
5,1,18,0.6303402954221138,189.69665598869324,4,5
5,1,19,0.6197524763817903,191.20579266548157,4,5
5,1,20,0.6165956208542227,192.65253853797913,4,5
5,1,21,0.6137797694079146,193.9865062236786,4,5
5,1,22,0.6266915544027625,195.20077633857727,4,5
5,1,23,0.6432711894163765,196.39563918113708,4,5
5,1,24,0.6323401709194363,197.70091152191162,4,5
5,1,25,0.6324141344631687,198.94390225410461,4,5
5,1,26,0.6590298148985584,200.26406717300415,4,5
5,1,27,0.6320295174404968,201.63507318496704,4,5
5,1,28,0.6306834205973091,202.87311124801636,4,5
5,1,29,0.6922207729646327,203.99925637245178,4,5
6,1,1,0.7794886317517478,205.1269805431366,5,4
6,1,2,0.7521438163475218,206.17936420440674,5,4
6,1,3,0.7123089935741507,207.37911701202393,5,4
6,1,4,0.6883474855967122,208.6692636013031,5,4
6,1,5,0.6015569948856646,209.81213569641113,5,4
6,1,6,0.5871459198066213,211.03737473487854,5,4
6,1,7,0.5841610005596252,212.21666550636292,5,4
6,1,8,0.5817021920918597,213.67967677116394,5,4
6,1,9,0.571906415784851,214.90476965904236,5,4
6,1,10,0.5613939143610263,216.2877917289734,5,4
6,1,11,0.5572919433677639,217.4152066707611,5,4
6,1,12,0.5573623381021182,218.51225447654724,5,4
6,1,13,0.5439839590420851,219.66452288627625,5,4
6,1,14,0.5447269678932413,221.02635741233826,5,4
6,1,15,0.5452580558968267,222.25001764297485,5,4
6,1,16,0.5446488348722214,223.60840559005737,5,4
6,1,17,0.545338537982633,225.07021641731262,5,4
6,1,18,0.5469040611989868,226.26805973052979,5,4
6,1,19,0.546631366757146,227.6796591281891,5,4
6,1,20,0.5461000914810457,229.02558827400208,5,4
6,1,21,0.5445360068514956,230.49018359184265,5,4
6,1,22,0.5446732328853464,231.85709619522095,5,4
6,1,23,0.5449687612067359,233.0192654132843,5,4
6,1,24,0.544279246337713,234.3203945159912,5,4
6,1,25,0.5445791612523591,235.71223616600037,5,4
6,1,26,0.5452559099384582,237.00410532951355,5,4
6,1,27,0.5458666108037461,238.56624603271484,5,4
6,1,28,0.5453216571798617,239.91986846923828,5,4
6,1,29,0.5450318384730648,240.628182888031,5,4
6,1,30,0.5442880015721878,241.06554412841797,5,4
6,1,31,0.5449573181336466,241.77578568458557,5,4
6,1,32,0.5456435724327424,242.30224895477295,5,4
6,1,33,0.5453771914049569,242.80158281326294,5,4
6,1,34,0.5456750007325084,243.35766887664795,5,4
7,1,1,0.7247892214542049,243.8375825881958,5,4
7,1,2,0.6007769314138249,244.26832723617554,5,4
7,1,3,0.5318824303200986,244.65821385383606,5,4
7,1,4,0.48908068411821104,245.0274956226349,5,4
7,1,5,0.46202436898127736,245.44781279563904,5,4
7,1,6,0.4074236841630491,246.04038166999817,5,4
7,1,7,0.40742598972191,246.74902272224426,5,4
7,1,8,0.40702194195809316,247.68534207344055,5,4
7,1,9,0.407000002303025,248.98698687553406,5,4
7,1,10,0.4069719595035147,250.26151037216187,5,4
7,1,11,0.40742112126396207,251.44724678993225,5,4
7,1,12,0.40601825563230837,252.05246829986572,5,4
7,1,13,0.40903693408839786,252.58092784881592,5,4
7,1,14,0.40904118888900387,253.08430910110474,5,4
7,1,15,0.40962101491808783,253.59776544570923,5,4
7,1,16,0.4066014891518234,254.1215262413025,5,4
7,1,17,0.4065878865265001,254.7192461490631,5,4
7,1,18,0.40841344680041824,255.21334385871887,5,4
7,1,19,0.4078386722048797,256.11493372917175,5,4
7,1,20,0.40839675366725425,257.2126748561859,5,4
7,1,21,0.4084062077038525,258.4737503528595,5,4
7,1,22,0.4078442957044367,259.5395097732544,5,4
7,1,23,0.40746186829974207,260.57153391838074,5,4
7,1,24,0.40747109657642194,261.75175380706787,5,4
7,1,25,0.4080630967595365,262.7479646205902,5,4
7,1,26,0.40803306045220944,263.94473814964294,5,4
7,1,27,0.4061515736420079,265.0825560092926,5,4
7,1,28,0.4055699165208491,266.0407204627991,5,4
7,1,29,0.4060206919204575,267.0900340080261,5,4
7,1,30,0.4060271533030345,268.22593927383423,5,4
7,1,31,0.40559600727595885,269.3617944717407,5,4
7,1,32,0.41086905649374234,270.3393933773041,5,4
7,1,33,0.4125352036268575,271.383682012558,5,4
7,1,34,0.41251726183744825,272.5154423713684,5,4
7,1,35,0.41085293321678995,273.7118079662323,5,4
7,1,36,0.41018684956007795,274.7878768444061,5,4
7,1,37,0.41017807047004434,275.7618815898895,5,4
7,1,38,0.4106596456359896,276.802086353302,5,4
7,1,39,0.40661135363868184,277.7397446632385,5,4
7,1,40,0.4060578289885816,278.8685817718506,5,4
7,1,41,0.405541616683775,279.92376708984375,5,4
7,1,42,0.40556770743888465,280.9017491340637,5,4
7,1,43,0.4060881089272195,281.91227316856384,5,4
7,1,44,0.4075167741346551,282.999050617218,5,4
7,1,45,0.40806763875159807,284.0430371761322,5,4
7,1,46,0.4075616565444141,285.08576679229736,5,4
7,1,47,0.406993899158583,286.2172095775604,5,4
7,1,48,0.4102347437691778,287.30585527420044,5,4
7,1,49,0.41024377060113765,288.42144751548767,5,4
7,1,50,0.40882467144157164,289.8224015235901,5,4
7,1,51,0.4104899512424562,290.970773935318,5,4
7,1,52,0.4109601337043955,292.279009103775,5,4
7,1,53,0.4077993458717124,293.41473269462585,5,4
7,1,54,0.40777087963951325,294.6421175003052,5,4
7,1,55,0.4091977760753391,295.66675782203674,5,4
7,1,56,0.4092220531240101,296.8678722381592,5,4
7,1,57,0.40872085703517697,298.0022737979889,5,4
7,1,58,0.4092989447257295,299.06048703193665,5,4
7,1,59,0.4076009133635291,300.10147070884705,5,4
7,1,60,0.408107152608277,301.03277683258057,5,4
7,1,61,0.40668655160510364,302.1198527812958,5,4
7,1,62,0.40714616499889555,303.093656539917,5,4
8,1,1,0.7456738843811358,303.9731647968292,5,4
8,1,2,0.70509631938325,304.9268479347229,5,4
8,1,3,0.6253310116943994,305.8405005931854,5,4
8,1,4,0.5792038369638204,306.771427154541,5,4
8,1,5,0.5784293636115778,307.86005687713623,5,4
8,1,6,0.5790482541886146,308.8114743232727,5,4
8,1,7,0.5776760019765453,309.81168508529663,5,4
8,1,8,0.5770269571822259,310.7383167743683,5,4
8,1,9,0.5775165737359047,311.7234046459198,5,4
8,1,10,0.57804386155063,312.68798327445984,5,4
8,1,11,0.5775803014610503,313.58098578453064,5,4
8,1,12,0.5783485819488771,314.3459219932556,5,4
8,1,13,0.5778165076431099,315.3534643650055,5,4
8,1,14,0.5787450879065564,316.22963070869446,5,4
8,1,15,0.5780147368840118,317.1087064743042,5,4
8,1,16,0.5782594642023671,317.9981849193573,5,4
8,1,17,0.5785508739709896,319.096883058548,5,4
8,1,18,0.5782736730247319,320.35022497177124,5,4
8,1,19,0.5780017679197134,321.397079706192,5,4
8,1,20,0.578553663857684,322.3241620063782,5,4
8,1,21,0.5791776312491541,323.4034559726715,5,4
8,1,22,0.5794223575864106,324.3496935367584,5,4
8,1,23,0.580210495196536,325.46812438964844,5,4
8,1,24,0.5794483296534256,326.4603352546692,5,4
8,1,25,0.5789658787480748,327.3438210487366,5,4
8,1,26,0.5801073414154951,328.20136189460754,5,4
8,1,27,0.5804056896088451,329.1435832977295,5,4
8,1,28,0.5299152890068967,330.15659952163696,5,4
8,1,29,0.49947311789008897,331.09892654418945,5,4
8,1,30,0.49992618414058976,332.1584324836731,5,4
8,1,31,0.4989875248345356,333.07105898857117,5,4
8,1,32,0.49973921414277334,334.08055663108826,5,4
8,1,33,0.49900615281184,335.1681225299835,5,4
8,1,34,0.4984696771744927,336.17791199684143,5,4
8,1,35,0.4974809480348991,337.345999956131,5,4
8,1,36,0.4964722294007565,338.5458881855011,5,4
8,1,37,0.49572480711766076,339.7142813205719,5,4
8,1,38,0.4964161791621461,340.770840883255,5,4
8,1,39,0.49647275952586484,341.9840488433838,5,4
8,1,40,0.4969550973532934,343.1363916397095,5,4
8,1,41,0.49767552509795643,344.37001729011536,5,4
8,1,42,0.4976186834066049,345.43270206451416,5,4
8,1,43,0.497123509087081,346.4357523918152,5,4
8,1,44,0.49718027790491054,347.72064685821533,5,4
8,1,45,0.49717524626072807,348.77785301208496,5,4
8,1,46,0.4979270434428937,349.9283583164215,5,4
8,1,47,0.4971903256166185,351.11669921875,5,4
8,1,48,0.4993913311045837,352.263521194458,5,4
8,1,49,0.4986517830695396,353.4134521484375,5,4
8,1,50,0.499715570355734,354.53774785995483,5,4
8,1,51,0.5008833406409009,355.8308928012848,5,4
8,1,52,0.49692092207402955,357.0387303829193,5,4
8,1,53,0.49736311852746934,358.0903046131134,5,4
8,1,54,0.4974138928034679,359.19441843032837,5,4
8,1,55,0.49910480406131147,360.3348968029022,5,4
8,1,56,0.5059406910203698,361.5937931537628,5,4
8,1,57,0.5061399650623319,362.9528090953827,5,4
8,1,58,0.4993217091772773,364.2637495994568,5,4
9,1,1,0.7488502771340348,365.50443863868713,5,4
9,1,2,0.6185183592246453,366.5089302062988,5,4
9,1,3,0.6081551669201749,367.4807333946228,5,4
9,1,4,0.5856777657548291,368.61219787597656,5,4
9,1,5,0.5852535780189856,369.82945704460144,5,4
9,1,6,0.5841842807489538,371.13664531707764,5,4
9,1,7,0.5842875956729735,372.37180972099304,5,4
9,1,8,0.5839344436964119,373.76858019828796,5,4
9,1,9,0.5834427993921494,374.96429777145386,5,4
9,1,10,0.5833393057758113,376.22075176239014,5,4
9,1,11,0.5836285341967072,377.4630467891693,5,4
9,1,12,0.5821617684816056,378.70661759376526,5,4
9,1,13,0.5822353940971967,379.86983370780945,5,4
9,1,14,0.5823788669496601,380.9535565376282,5,4
9,1,15,0.582487969371399,382.1794607639313,5,4
9,1,16,0.5823472265737578,383.2808244228363,5,4
9,1,17,0.5829047829293701,384.3955945968628,5,4
9,1,18,0.5828307507765498,385.55735063552856,5,4
9,1,19,0.5839051570744739,386.6731550693512,5,4
9,1,20,0.5833569976547733,387.74024844169617,5,4
9,1,21,0.5834781442874074,388.7922508716583,5,4
9,1,22,0.5848735934893776,389.7817552089691,5,4
9,1,23,0.5851703411792712,390.85037207603455,5,4
9,1,24,0.5850693072927701,391.90292596817017,5,4
9,1,25,0.5847717872425722,393.0673713684082,5,4
9,1,26,0.5846115491897175,394.26286792755127,5,4
9,1,27,0.5835254423181627,395.33060240745544,5,4
9,1,28,0.5836335813790987,396.4159026145935,5,4
9,1,29,0.5837917975128518,397.4548387527466,5,4
9,1,30,0.5836865635185425,398.5486350059509,5,4
9,1,31,0.5822867122075823,399.5300679206848,5,4
9,1,32,0.5828559138466692,400.48913407325745,5,4
9,1,33,0.5827240962966723,401.47801208496094,5,4
10,1,1,0.8446946375615443,404.1171033382416,6,5
10,1,2,0.820323073239105,406.5534996986389,6,5
10,1,3,0.812223283786302,408.9289176464081,6,5
10,1,4,0.7863062289194319,411.28396940231323,6,5
10,1,5,0.7760319111962902,413.8925132751465,6,5
10,1,6,0.7685999158051293,416.1067764759064,6,5
10,1,7,0.7597823151104967,418.60434579849243,6,5
10,1,8,0.7555652525329339,421.2911841869354,6,5
10,1,9,0.7548533680833222,423.54000878334045,6,5
10,1,10,0.7433213285545017,425.7249367237091,6,5
10,1,11,0.7278564533701417,427.9742040634155,6,5
10,1,12,0.7246157981253181,430.36228489875793,6,5
10,1,13,0.7227740595770382,432.5642056465149,6,5
10,1,14,0.6931562456292848,435.0042495727539,6,5
10,1,15,0.6929550073885227,437.2939269542694,6,5
10,1,16,0.6917192179436515,439.4637231826782,6,5
10,1,17,0.6913768682130279,441.6176209449768,6,5
10,1,18,0.6886744097406039,443.73987221717834,6,5
10,1,19,0.6882953705635109,446.1615159511566,6,5
10,1,20,0.6846201787473689,448.32792592048645,6,5
10,1,21,0.6548415075004941,450.3708357810974,6,5
10,1,22,0.6548203867936779,452.5872139930725,6,5
10,1,23,0.6552731138433189,454.804203748703,6,5
10,1,24,0.6540114808386654,457.08369278907776,6,5
10,1,25,0.6389102092855735,459.2992031574249,6,5
10,1,26,0.6381928834985946,461.67255568504333,6,5
10,1,27,0.6383549436208454,464.04465532302856,6,5
10,1,28,0.6378187182839852,466.3223054409027,6,5
10,1,29,0.637433519545303,468.3805482387543,6,5
10,1,30,0.6329686260011913,470.73702931404114,6,5
10,1,31,0.6323939133575133,473.0625729560852,6,5
10,1,32,0.630446390998255,475.2771818637848,6,5
10,1,33,0.6294279368435447,477.5552911758423,6,5
10,1,34,0.6285879558238596,479.99495029449463,6,5
10,1,35,0.6285879558238596,482.3163526058197,6,5
10,1,36,0.6283023817639821,484.83277320861816,6,5
10,1,37,0.6283023817639821,487.28630805015564,6,5
10,1,38,0.6285671413462275,489.47732162475586,6,5
10,1,39,0.6283876680293747,491.8924911022186,6,5
10,1,40,0.6286040127937489,494.14338636398315,6,5
10,1,41,0.6286040127937489,496.3203330039978,6,5
10,1,42,0.6283107576617841,498.72952914237976,6,5
10,1,43,0.6280476218580533,500.9264507293701,6,5
10,1,44,0.6278312770936791,502.96023654937744,6,5
10,1,45,0.6272875243008442,505.05348229408264,6,5
10,1,46,0.6274715459306773,507.31533670425415,6,5
10,1,47,0.6276882946991502,509.5017445087433,6,5
10,1,48,0.6279196714817605,511.7148103713989,6,5
10,1,49,0.6281777132356655,514.1192286014557,6,5
10,1,50,0.6279642485394422,516.5004413127899,6,5
10,1,51,0.627699866675402,518.9782655239105,6,5
10,1,52,0.6274381631310422,521.1465132236481,6,5
10,1,53,0.6272539160827589,523.4974238872528,6,5
10,1,54,0.6277733678953142,525.5027828216553,6,5
10,1,55,0.6273090459279684,527.6558187007904,6,5
10,1,56,0.6274917319358246,529.9521131515503,6,5
10,1,57,0.62775649151807,532.4194321632385,6,5
10,1,58,0.6279894367028056,534.685507774353,6,5
10,1,59,0.6282086290476274,536.949196100235,6,5
10,1,60,0.628758079597078,539.3388504981995,6,5
10,1,61,0.62847156560756,541.7117993831635,6,5
10,1,62,0.628208319663192,544.0718355178833,6,5
10,1,63,0.6285189893515676,546.2260212898254,6,5
10,1,64,0.6285189893515676,548.6295051574707,6,5
10,1,65,0.6285329533941579,551.1451575756073,6,5
10,1,66,0.6282204663254627,553.5155327320099,6,5
10,1,67,0.6280354792830993,555.8681280612946,6,5
10,1,68,0.6280354792830993,558.1968986988068,6,5
10,1,69,0.6282259854981957,560.674028635025,6,5
10,1,70,0.6276750213108679,562.8290288448334,6,5
10,1,71,0.6276628746485973,565.0483777523041,6,5
10,1,72,0.6274455008138174,567.3133926391602,6,5
10,1,73,0.6274576474760881,569.2419755458832,6,5
10,1,74,0.6272660627450296,571.3107180595398,6,5
11,1,1,0.8965507623229136,573.6459810733795,6,5
11,1,2,0.8750825864675493,575.7047312259674,6,5
11,1,3,0.8255001229355091,577.9514055252075,6,5
11,1,4,0.8119273988911286,580.2978067398071,6,5
11,1,5,0.784097241783299,582.2894825935364,6,5
11,1,6,0.7755228566191209,584.4270942211151,6,5
11,1,7,0.7471118203167982,586.7037196159363,6,5
11,1,8,0.7332977567669376,588.574301481247,6,5
11,1,9,0.7328764051276904,590.6503455638885,6,5
11,1,10,0.7298017261296291,592.9065523147583,6,5
11,1,11,0.7294577250590237,594.9975206851959,6,5
11,1,12,0.7290256254610751,597.2049009799957,6,5
11,1,13,0.7290716834969003,599.6074101924896,6,5
11,1,14,0.7268836443482154,602.0699687004089,6,5
11,1,15,0.7262095447633923,604.0962493419647,6,5
11,1,16,0.7256605567421962,606.3054716587067,6,5
11,1,17,0.7082947102242465,608.7983005046844,6,5
11,1,18,0.7075583597275824,611.0780863761902,6,5
11,1,19,0.707353228195438,613.5653064250946,6,5
11,1,20,0.6928996468743036,616.2462825775146,6,5
11,1,21,0.6759056672825077,619.2159526348114,6,5
11,1,22,0.6759660049717843,621.9423804283142,6,5
11,1,23,0.6760620081065806,624.4314782619476,6,5
11,1,24,0.675990345534918,626.8975999355316,6,5
11,1,25,0.675874635747028,629.5205392837524,6,5
11,1,26,0.6757786326122318,632.334808588028,6,5
11,1,27,0.673633197533376,635.1932408809662,6,5
11,1,28,0.6732816197501511,637.739994764328,6,5
11,1,29,0.6729316947089142,640.3136026859283,6,5
11,1,30,0.6728696633497309,643.1700706481934,6,5
11,1,31,0.6713701915546224,645.7219870090485,6,5
11,1,32,0.6714433014831904,648.3559799194336,6,5
11,1,33,0.6708396809515458,650.8467965126038,6,5
11,1,34,0.6709261262309912,653.5289325714111,6,5
11,1,35,0.6707150247951332,656.4549679756165,6,5
11,1,36,0.6706285795156879,659.1959707736969,6,5
11,1,37,0.6704558214135732,661.8708138465881,6,5
11,1,38,0.6704558214135732,664.6176519393921,6,5
11,1,39,0.6705381125943096,667.338716506958,6,5
11,1,40,0.6704633087264023,670.2093858718872,6,5
11,1,41,0.6704633087264023,673.2957651615143,6,5
11,1,42,0.6704633087264023,676.0082838535309,6,5
11,1,43,0.6706928042760226,678.5957746505737,6,5
11,1,44,0.6706928042760226,681.4316515922546,6,5
11,1,45,0.6706155676464115,684.2849698066711,6,5
11,1,46,0.6706155676464115,686.8853468894958,6,5
11,1,47,0.6706906091007633,689.9452707767487,6,5
11,1,48,0.6708397907952918,692.9229137897491,6,5
11,1,49,0.6708397907952918,695.8503336906433,6,5
11,1,50,0.67076474934094,698.5948009490967,6,5
11,1,51,0.6705305668267689,701.3228340148926,6,5
11,1,52,0.6703813851322403,704.2332046031952,6,5
11,1,53,0.6703813851322403,707.1692481040955,6,5
11,1,54,0.6704803271385099,709.5311307907104,6,5
11,1,55,0.6706295088330384,711.9748311042786,6,5
11,1,56,0.6706295088330384,714.6902301311493,6,5
11,1,57,0.6704803271385099,717.3343651294708,6,5
11,1,58,0.6707150689225475,719.7073929309845,6,5
11,1,59,0.6707150689225475,722.6644871234894,6,5
11,1,60,0.6708887442420037,725.4905877113342,6,5
11,1,61,0.6709704830891304,728.1379480361938,6,5
11,1,62,0.6709704830891304,730.8609454631805,6,5
11,1,63,0.6707351889714834,733.6253380775452,6,5
11,1,64,0.6707351889714834,736.3739144802094,6,5
11,1,65,0.6709037246131648,739.1738998889923,6,5
11,1,66,0.6707307863743532,741.6344652175903,6,5
11,1,67,0.670817141672422,744.2675013542175,6,5
11,1,68,0.6708919455403294,746.9763870239258,6,5
11,1,69,0.6708111767746544,749.7845420837402,6,5
11,1,70,0.6707367404933215,752.4242713451385,6,5
11,1,71,0.6706377984870521,754.652626991272,6,5
11,1,72,0.6704692628453707,757.2746369838715,6,5
11,1,73,0.6704692628453707,760.2897489070892,6,5
12,1,1,0.8936053590614119,762.6340870857239,6,5
12,1,2,0.8746562972963952,764.8369054794312,6,5
12,1,3,0.855995656646835,766.9076538085938,6,5
12,1,4,0.8554618319152402,769.279943227768,6,5
12,1,5,0.8478586183037808,771.9186069965363,6,5
12,1,6,0.837298533444718,774.637460231781,6,5
12,1,7,0.8360492551963776,776.8536002635956,6,5
12,1,8,0.8186570105383607,779.1391191482544,6,5
12,1,9,0.8036563059103358,781.7003524303436,6,5
12,1,10,0.7969723155830069,783.750465631485,6,5
12,1,11,0.7895778476377628,785.873438835144,6,5
12,1,12,0.7850258329265801,788.2688853740692,6,5
12,1,13,0.7818770757240955,790.99751329422,6,5
12,1,14,0.7767481381698433,793.1473438739777,6,5
12,1,15,0.7658289246196501,795.4652864933014,6,5
12,1,16,0.7598269338362168,798.1131227016449,6,5
12,1,17,0.7593244567049287,800.5405068397522,6,5
12,1,18,0.7577857503385989,803.088127374649,6,5
12,1,19,0.7554353574854492,805.9343378543854,6,5
12,1,20,0.7492543487889447,808.3528990745544,6,5
12,1,21,0.7490123893995865,810.6974275112152,6,5
12,1,22,0.7340133623844116,813.257027387619,6,5
12,1,23,0.7303774357956931,815.9124112129211,6,5
12,1,24,0.7291403095353182,818.4445140361786,6,5
12,1,25,0.7278287998628226,820.9148564338684,6,5
12,1,26,0.7276081266520165,823.1709480285645,6,5
12,1,27,0.727093020243359,825.7212753295898,6,5
12,1,28,0.7268261210308438,828.0438787937164,6,5
12,1,29,0.7261206175142435,830.6609272956848,6,5
12,1,30,0.7257185103502339,832.938148021698,6,5
12,1,31,0.7256004754154659,835.3635187149048,6,5
12,1,32,0.725165275351911,837.8436090946198,6,5
12,1,33,0.7249359336152164,840.1944878101349,6,5
12,1,34,0.7247835907326936,842.6738705635071,6,5
12,1,35,0.7171745181448975,844.9604730606079,6,5
12,1,36,0.7047618604885417,847.296906709671,6,5
12,1,37,0.7047618604885417,849.769859790802,6,5
12,1,38,0.7051445886431786,852.315260887146,6,5
12,1,39,0.7046333207535518,855.2125160694122,6,5
12,1,40,0.7040290911463011,857.4391853809357,6,5
12,1,41,0.7003057621088898,859.9936311244965,6,5
12,1,42,0.7002599089577393,861.7659685611725,6,5
12,1,43,0.7002599089577393,863.156177520752,6,5
12,1,44,0.7001949715608691,865.0371022224426,6,5
12,1,45,0.6997720764188304,867.3807308673859,6,5
12,1,46,0.6991393899529875,869.6729238033295,6,5
12,1,47,0.6992045442198224,872.0534291267395,6,5
12,1,48,0.6992045442198224,874.1730422973633,6,5
12,1,49,0.6996482807086153,875.7787566184998,6,5
12,1,50,0.6995831264417802,877.6537358760834,6,5
12,1,51,0.6995831264417802,879.6768882274628,6,5
12,1,52,0.6993587431784404,881.7238311767578,6,5
12,1,53,0.6993411978158577,883.9380688667297,6,5
12,1,54,0.6988995076934735,886.0911138057709,6,5
12,1,55,0.6988995076934735,888.466638803482,6,5
12,1,56,0.6985145628655399,891.2214782238007,6,5
12,1,57,0.6984494487242805,893.9693672657013,6,5
12,1,58,0.6984494487242805,896.2837541103363,6,5
12,1,59,0.6984494487242805,898.6335608959198,6,5
12,1,60,0.6981568121350034,901.0468578338623,6,5
12,1,61,0.6984154557773145,903.6781885623932,6,5
12,1,62,0.6987280556183119,906.246203660965,6,5
12,1,63,0.6984694119760008,908.6775290966034,6,5
12,1,64,0.6984694119760008,910.7342631816864,6,5
12,1,65,0.6983099031428229,912.9972486495972,6,5
12,1,66,0.6983099031428229,915.3860630989075,6,5
12,1,67,0.6986025397321,917.8170821666718,6,5
12,1,68,0.6986025397321,919.7795176506042,6,5
12,1,69,0.698861183374411,920.8735320568085,6,5
12,1,70,0.6985485835334136,922.7989065647125,6,5
12,1,71,0.6985485835334136,924.0263035297394,6,5
12,1,72,0.6985485835334136,925.3102884292603,6,5
12,1,73,0.6985485835334136,927.2538015842438,6,5
12,1,74,0.6985485835334136,928.7257313728333,6,5
12,1,75,0.6986131651359383,930.9519493579865,6,5
12,1,76,0.6986131651359383,933.1027483940125,6,5
12,1,77,0.6986131651359383,934.76735663414,6,5
12,1,78,0.6987731755692204,936.2959053516388,6,5
12,1,79,0.6985145319269093,938.0092597007751,6,5
12,1,80,0.6985145319269093,939.7861156463623,6,5
12,1,81,0.6988261960316768,941.6554367542267,6,5
13,1,1,0.8807222643087205,944.1041107177734,6,5
13,1,2,0.8498188987298517,946.3814151287079,6,5
13,1,3,0.8354983896413793,948.9688036441803,6,5
13,1,4,0.8302035278384391,951.6522953510284,6,5
13,1,5,0.8076142969364888,954.5431272983551,6,5
13,1,6,0.7897774150294348,957.0208179950714,6,5
13,1,7,0.7654934546689401,959.6389801502228,6,5
13,1,8,0.7382727739651551,962.1944470405579,6,5
13,1,9,0.7303848441012282,964.9515478610992,6,5
13,1,10,0.7159783149641694,967.1897902488708,6,5
13,1,11,0.704157628941019,969.5605103969574,6,5
13,1,12,0.6875480166058922,972.1393525600433,6,5
13,1,13,0.686547708882058,974.6554777622223,6,5
13,1,14,0.68374745994017,977.2821397781372,6,5
13,1,15,0.6699784581068691,979.8125531673431,6,5
13,1,16,0.6682529544041269,982.4105098247528,6,5
13,1,17,0.6673217317752915,984.9858739376068,6,5
13,1,18,0.6671707572969761,987.6203408241272,6,5
13,1,19,0.6665686180168106,990.2229075431824,6,5
13,1,20,0.6651874967450739,992.8216135501862,6,5
13,1,21,0.6586349616731729,995.3823058605194,6,5
13,1,22,0.6582072347855169,998.0353260040283,6,5
13,1,23,0.6570315694655506,1000.7157917022705,6,5
13,1,24,0.6528880518864086,1003.1891326904297,6,5
13,1,25,0.651672246415284,1005.6246552467346,6,5
13,1,26,0.6513646577780603,1008.1190330982208,6,5
13,1,27,0.6505402337013051,1010.8042733669281,6,5
13,1,28,0.6500869091277608,1013.4890582561493,6,5
13,1,29,0.6496953640482769,1016.2860600948334,6,5
13,1,30,0.6494335839435649,1019.2250664234161,6,5
13,1,31,0.6494335839435649,1021.805900812149,6,5
13,1,32,0.6490310719125305,1024.4143056869507,6,5
13,1,33,0.6486758479909135,1027.2597858905792,6,5
13,1,34,0.6488602222484599,1030.073264837265,6,5
13,1,35,0.6490466219250015,1032.9194657802582,6,5
13,1,36,0.6493550287938312,1035.5763275623322,6,5
13,1,37,0.6493550287938312,1038.3804776668549,6,5
13,1,38,0.6490976338010227,1041.1811175346375,6,5
13,1,39,0.6487892269321931,1043.9631085395813,6,5
13,1,40,0.6490503235379371,1046.754361152649,6,5
13,1,41,0.6493729041830985,1049.5842761993408,6,5
13,1,42,0.6491878750924136,1052.3653569221497,6,5
13,1,43,0.6488652944472524,1055.0463891029358,6,5
13,1,44,0.6491226894400608,1057.648610830307,6,5
13,1,45,0.649477226274789,1060.2040827274323,6,5
13,1,46,0.6498687713542729,1062.967134475708,6,5
13,1,47,0.6498687713542729,1065.433762550354,6,5
13,1,48,0.6496113763614645,1068.1019797325134,6,5
13,1,49,0.6492568395267363,1070.8605136871338,6,5
13,1,50,0.6488652944472524,1073.7495033740997,6,5
13,1,51,0.6486028272556513,1076.5021104812622,6,5
13,1,52,0.6484285881313924,1079.2211816310883,6,5
13,1,53,0.6484285881313924,1081.8545639514923,6,5
13,1,54,0.6486859831242009,1084.9203197956085,6,5
13,1,55,0.648948450315802,1087.7328231334686,6,5
13,1,56,0.6486910553229934,1090.580233335495,6,5
13,1,57,0.6486910553229934,1093.3636651039124,6,5
13,1,58,0.6486910553229934,1096.1702332496643,6,5
13,1,59,0.6490011106453502,1098.616545200348,6,5
13,1,60,0.6491838113434304,1101.274319410324,6,5
13,1,61,0.6491838113434304,1104.049252986908,6,5
13,1,62,0.6488760844136782,1106.807655096054,6,5
13,1,63,0.6492676294931622,1109.294376373291,6,5
13,1,64,0.6490826004024773,1112.1114101409912,6,5
13,1,65,0.6488201332108764,1114.735520362854,6,5
13,1,66,0.6484285881313924,1117.4655106067657,6,5
13,1,67,0.6482454315385867,1120.0584721565247,6,5
13,1,68,0.6482454315385867,1122.7814135551453,6,5
13,1,69,0.6485561739478324,1125.2883932590485,6,5
13,1,70,0.6487304130720914,1127.9691543579102,6,5
13,1,71,0.6487304130720914,1130.5451080799103,6,5
13,1,72,0.6490751798493893,1133.0389351844788,6,5
13,1,73,0.6490751798493893,1135.6484627723694,6,5
13,1,74,0.6494036652299852,1138.2994918823242,6,5
13,1,75,0.6490564555913954,1140.9488396644592,6,5
13,1,76,0.6487484932766729,1143.4480328559875,6,5
13,1,77,0.6487484932766729,1146.2106733322144,6,5
13,1,78,0.6489305072186133,1148.9726469516754,6,5
13,1,79,0.6486028272556513,1151.8775215148926,6,5
13,1,80,0.6487892269321931,1154.4395065307617,6,5
13,1,81,0.6487892269321931,1157.3801062107086,6,5
13,1,82,0.649142115313394,1159.9216175079346,6,5
13,1,83,0.6494486889958279,1162.6959252357483,6,5
13,1,84,0.6492669386313099,1165.5453658103943,6,5
13,1,85,0.648913569664897,1168.348568201065,6,5
13,1,86,0.6486028272556513,1170.9049582481384,6,5
13,1,87,0.6484196706628457,1173.4109604358673,6,5
13,1,88,0.6484196706628457,1176.4632971286774,6,5
14,1,1,0.7118390166612378,1179.619295835495,5,6
14,1,2,0.571131065764255,1182.7947294712067,5,6
14,1,3,0.5370248805501163,1185.715348482132,5,6
14,1,4,0.5279284281185882,1188.4369866847992,5,6
14,1,5,0.5232424805664666,1191.2441158294678,5,6
14,1,6,0.5091703288285767,1194.1228218078613,5,6
14,1,7,0.5023029714670575,1197.211134672165,5,6
14,1,8,0.5007185373849946,1199.9912214279175,5,6
14,1,9,0.4995351586841313,1203.0004634857178,5,6
14,1,10,0.49836351816931596,1206.140934228897,5,6
14,1,11,0.49929355783045554,1209.5128400325775,5,6
14,1,12,0.5012957708290452,1211.9360451698303,5,6
14,1,13,0.5015925330775985,1214.6382231712341,5,6
14,1,14,0.49954020962251633,1217.4415459632874,5,6
14,1,15,0.5017253612227848,1220.1149854660034,5,6
14,1,16,0.5008155800258061,1222.7558145523071,5,6
14,1,17,0.5035073513759839,1225.3713541030884,5,6
14,1,18,0.5013037387847941,1228.0359935760498,5,6
14,1,19,0.5015614270699288,1230.607959985733,5,6
14,1,20,0.5013152061501682,1233.2662434577942,5,6
14,1,21,0.5027701632955529,1235.6489980220795,5,6
14,1,22,0.5042029663414694,1238.4493660926819,5,6
14,1,23,0.5013852038235467,1240.9560945034027,5,6
14,1,24,0.49957100853771336,1243.8983132839203,5,6
14,1,25,0.49863737316009155,1246.3844680786133,5,6
14,1,26,0.4988791298115519,1248.9616713523865,5,6
14,1,27,0.49861123686437897,1251.7458353042603,5,6
14,1,28,0.5004002723134425,1254.562536239624,5,6
14,1,29,0.5024863228596518,1257.6525568962097,5,6
14,1,30,0.502186295390002,1260.459426164627,5,6
14,1,31,0.5001502239193767,1262.949373960495,5,6
15,1,1,0.9709487144941992,1265.6589722633362,5,6
15,1,2,0.920620197493124,1267.9924294948578,5,6
15,1,3,0.8766027807565397,1270.710153579712,5,6
15,1,4,0.8195401376063248,1272.9627344608307,5,6
15,1,5,0.8018099857066211,1275.4525361061096,5,6
15,1,6,0.7489948731861584,1278.2360661029816,5,6
15,1,7,0.7021895496951609,1280.9834654331207,5,6
15,1,8,0.676727805666208,1283.6367418766022,5,6
15,1,9,0.6575899078131753,1286.3588736057281,5,6
15,1,10,0.6377696743783666,1289.1287384033203,5,6
15,1,11,0.5942150539412527,1292.0523009300232,5,6
15,1,12,0.5909828862711162,1294.9902720451355,5,6
15,1,13,0.5720551003871135,1297.7033071517944,5,6
15,1,14,0.5611127232738187,1300.0518581867218,5,6
15,1,15,0.5588378920823547,1302.2229914665222,5,6
15,1,16,0.5571063386003476,1304.7159004211426,5,6
15,1,17,0.5555134638769322,1307.465129852295,5,6
15,1,18,0.5553467013739668,1310.3840396404266,5,6
15,1,19,0.5520208367787225,1313.2291493415833,5,6
15,1,20,0.5522173061647686,1315.8966670036316,5,6
15,1,21,0.5514226141043824,1318.2991049289703,5,6
15,1,22,0.5512233297715474,1321.168776512146,5,6
15,1,23,0.550991422411433,1323.7641117572784,5,6
15,1,24,0.5511425869512505,1326.9440355300903,5,6
15,1,25,0.5510942605758861,1329.8979065418243,5,6
15,1,26,0.5509444439249426,1333.118509054184,5,6
15,1,27,0.5506955834280111,1335.998363494873,5,6
15,1,28,0.5509341085413374,1339.4055078029633,5,6
15,1,29,0.5510853545805028,1342.3122386932373,5,6
15,1,30,0.5508489584403725,1345.4190125465393,5,6
15,1,31,0.5517787388105835,1348.134724855423,5,6
15,1,32,0.551619798430808,1351.2815282344818,5,6
15,1,33,0.5518709548042875,1354.4446289539337,5,6
15,1,34,0.5520263336094449,1357.3463094234467,5,6
15,1,35,0.5529020085698271,1360.0598165988922,5,6
15,1,36,0.5528305569386387,1362.7220478057861,5,6
15,1,37,0.5527463530280874,1365.7258388996124,5,6
15,1,38,0.5529620227012202,1368.3389475345612,5,6
15,1,39,0.5530530120987562,1371.3526113033295,5,6
15,1,40,0.5544289720018387,1374.102062702179,5,6
15,1,41,0.5535416143865494,1376.7935156822205,5,6
15,1,42,0.5521740726502037,1379.9107451438904,5,6
15,1,43,0.5522474718050919,1382.6114461421967,5,6
15,1,44,0.5540069125453861,1385.1230478286743,5,6
15,1,45,0.5530943227344821,1387.9958357810974,5,6
15,1,46,0.5528210771688311,1390.960523366928,5,6
15,1,47,0.5544686633385755,1393.5725047588348,5,6
15,1,48,0.5550578048221906,1395.128913640976,5,6
16,1,1,0.8681442859288901,1398.0156574249268,5,6
16,1,2,0.8131593536789226,1400.6890659332275,5,6
16,1,3,0.721843352066602,1403.5256600379944,5,6
16,1,4,0.7027814671948927,1406.1425342559814,5,6
16,1,5,0.6668354625133095,1408.5934932231903,5,6
16,1,6,0.5888765970328461,1411.1925497055054,5,6
16,1,7,0.5425515449563735,1413.987444639206,5,6
16,1,8,0.5119822878397801,1416.8716933727264,5,6
16,1,9,0.5041707304968406,1419.6148533821106,5,6
16,1,10,0.48810370197230774,1422.6102268695831,5,6
16,1,11,0.44082920941945514,1425.3227124214172,5,6
16,1,12,0.42653554661267823,1427.9728753566742,5,6
16,1,13,0.41210360357752174,1430.617829322815,5,6
16,1,14,0.4071344342448562,1433.3638124465942,5,6
16,1,15,0.40481812165236,1435.4744267463684,5,6
16,1,16,0.40257307573632317,1438.100917339325,5,6
16,1,17,0.4017132720303689,1441.086288690567,5,6
16,1,18,0.4001424125623004,1443.793704509735,5,6
16,1,19,0.3903880958058685,1446.416895866394,5,6
16,1,20,0.39005097042764797,1448.9490571022034,5,6
16,1,21,0.3898093548488525,1451.590369462967,5,6
16,1,22,0.37547022438877325,1454.302844285965,5,6
16,1,23,0.37547022438877325,1456.5138280391693,5,6
16,1,24,0.3740814639330804,1458.981181383133,5,6
16,1,25,0.3729762688486396,1461.105738401413,5,6
16,1,26,0.3741884426097971,1463.1222627162933,5,6
16,1,27,0.37284680652285834,1465.224037885666,5,6
16,1,28,0.3734745262504897,1467.2728922367096,5,6
16,1,29,0.3723369125244159,1469.6380453109741,5,6
16,1,30,0.37389884175527144,1471.6699392795563,5,6
16,1,31,0.37389884175527144,1473.917367219925,5,6
16,1,32,0.37389884175527144,1476.618166923523,5,6
16,1,33,0.3718038963934925,1479.2155017852783,5,6
16,1,34,0.37299432226490864,1481.6405248641968,5,6
16,1,35,0.37375366169979385,1484.0232815742493,5,6
16,1,36,0.37257392468712336,1486.19704580307,5,6
16,1,37,0.37389884175527144,1488.2355988025665,5,6
16,1,38,0.3731283695898592,1490.6528360843658,5,6
16,1,39,0.3738180534995891,1492.997184753418,5,6
16,1,40,0.3732534941799635,1495.3974874019623,5,6
16,1,41,0.3719225801921081,1498.0216526985168,5,6
16,1,42,0.37350711936983955,1500.4161567687988,5,6
16,1,43,0.37359666132886926,1502.933082818985,5,6
16,1,44,0.37338618130734774,1505.3530869483948,5,6
16,1,45,0.37350711936983955,1507.8072378635406,5,6
16,1,46,0.37350711936983955,1510.0394322872162,5,6
16,1,47,0.37371465175710716,1512.187684059143,5,6
16,1,48,0.37350711936983955,1514.5918519496918,5,6
16,1,49,0.3736123563650944,1516.8330099582672,5,6
16,1,50,0.3736123563650944,1519.526159286499,5,6
16,1,51,0.37350711936983955,1521.9961640834808,5,6
16,1,52,0.3725796103714609,1524.5865314006805,5,6
16,1,53,0.3728423818375711,1526.8659615516663,5,6
16,1,54,0.3728423818375711,1529.4072811603546,5,6
17,1,1,0.7704579572265522,1532.566393852234,5,6
17,1,2,0.7640985836989688,1535.4550619125366,5,6
17,1,3,0.7170594707959322,1538.268782377243,5,6
17,1,4,0.6779625553678235,1541.3918170928955,5,6
17,1,5,0.6668889905289337,1543.8731653690338,5,6
17,1,6,0.6642290290727757,1546.5730566978455,5,6
17,1,7,0.6014685011793707,1549.1503217220306,5,6
17,1,8,0.5988192449514453,1551.4970276355743,5,6
17,1,9,0.5982903144427609,1554.3339631557465,5,6
17,1,10,0.5963768601116738,1557.028502702713,5,6
17,1,11,0.5961648520354131,1559.1515307426453,5,6
17,1,12,0.5942692063021173,1561.948068857193,5,6
17,1,13,0.5947774461795425,1564.482322692871,5,6
17,1,14,0.5952688933068849,1566.9492146968842,5,6
17,1,15,0.5941861534236568,1569.6704943180084,5,6
17,1,16,0.5950440177246952,1572.4134974479675,5,6
17,1,17,0.5945516765375233,1575.615956068039,5,6
17,1,18,0.5950993853496911,1578.4293291568756,5,6
17,1,19,0.5955724461917471,1581.4627616405487,5,6
17,1,20,0.5947295157048691,1584.1820533275604,5,6
17,1,21,0.594242881403203,1587.076063632965,5,6
17,1,22,0.5947139043326709,1590.0369048118591,5,6
17,1,23,0.5948350484112338,1592.634456396103,5,6
17,1,24,0.5953235213715694,1595.5165643692017,5,6
17,1,25,0.5969581460252742,1598.097712278366,5,6
17,1,26,0.5974392211537254,1600.9252760410309,5,6
17,1,27,0.5968999702585716,1603.4782643318176,5,6
17,1,28,0.5966611865764393,1605.867957830429,5,6
17,1,29,0.5947617110038073,1608.731652021408,5,6
17,1,30,0.5961711356462052,1611.464783191681,5,6
17,1,31,0.5950918621700216,1614.408254623413,5,6
17,1,32,0.5936797522049011,1616.9155118465424,5,6
17,1,33,0.595619861006582,1619.134550333023,5,6
17,1,34,0.5961198370999343,1621.5777983665466,5,6
17,1,35,0.5965857322787892,1624.1177597045898,5,6
17,1,36,0.5960846986110895,1626.9224104881287,5,6
17,1,37,0.5975346585807235,1629.6703960895538,5,6
17,1,38,0.5979859596566219,1632.471971988678,5,6
17,1,39,0.5957152257601734,1635.0836255550385,5,6
17,1,40,0.5955891178264523,1637.3107459545135,5,6
17,1,41,0.5961102711559376,1639.7862606048584,5,6
17,1,42,0.5946556920808882,1641.9822449684143,5,6
17,1,43,0.5941482263755343,1644.4342086315155,5,6
17,1,44,0.5950190931338091,1646.777289390564,5,6
17,1,45,0.5964727958974186,1648.9862966537476,5,6
17,1,46,0.5969794867961338,1651.143236398697,5,6
17,1,47,0.5981997817463005,1653.7250571250916,5,6
17,1,48,0.5971532391542957,1656.7173390388489,5,6
17,1,49,0.5972757784972507,1659.5974876880646,5,6
17,1,50,0.5970460707308736,1662.3284833431244,5,6
17,1,51,0.5951455322901251,1665.2132277488708,5,6
17,1,52,0.5956959369411492,1668.01327252388,5,6
17,1,53,0.5961708220133904,1670.7782618999481,5,6
